﻿{
  "sitemapsModule": {
    "widgets": {
      "storeSitemaps": {
        "title": "Sitemaps"
      }
    },
    "blades": {
      "sitemapList": {
        "title": "Sitemaps",
        "subtitle": "Manage sitemaps to include them into index sitemap.xml",
        "toolbar": {
          "addSitemap": "Add sitemap",
          "removeSitemap": "Remove sitemap",
          "refresh": "Refresh",
          "download": "Download sitemaps"
        },
        "gridHeaders": {
          "filename": "Filename",
          "itemsCount": "Items count"
        },
        "noSitemapsMessage": "There are no sitemaps yet"
      },
      "sitemap": {
        "newSitemapTitle": "New sitemap",
        "toolbar": {
          "addItems": "Add items",
          "removeItems": "Remove items",
          "saveSitemap": "Save sitemap"
        },
        "formSitemap": {
          "labelFilename": "Filename",
          "descriptionFilename": "Filename is the unique sitemap identifier in context of index sitemap, i.e.: 'electronics.xml', 'products.xml', etc. Requirements for sitemap filename are the same to the file system. Please avoid of using 'sitemap.xml' as sitemap filename.",
          "sitemapIndexErrorMessage": "Please avoid of using filename \"sitemap.xml\"",
          "sitemapFilenameExistErrorMessage": "This filename is already used",
          "labelUrlTemplate": "URL template",
          "descriptionUrlTemplate": "To generate a sitemap URL can be used the next patterns: {storeUrl} - will be replaced with store URL value, {storeSecureUrl} - will be replaced with store secure URL, {language} - will be replaced with language code (i.e. en-US), {slug} - will be replaced with SEO semantic URL part",
          "labelSitemapItems": "Sitemap items"
        },
        "gridHeaders": {
          "title": "Title",
          "type": "Type"
        },
        "noSitemapsIemsMessage": "There are no sitemap items yet"
      },
      "addItems": {
        "title": "Add items",
        "addCatalogItems": {
          "title": "Catalog items",
          "description": "Include product and categories"
        },
        "addCustomItem": {
          "title": "Custom item",
          "description": "Item with custom URL"
        }
      },
      "addCatalogItems": {
        "title": "Add catalog items",
        "toolbar": {
          "addSelected": "Add selected"
        }
      },
      "addCustomItem": {
        "title": "Add custom item",
        "toolbar": {
          "save": "Save"
        },
        "formCustomSitemapItem": {
          "labelUrlTemplate": "URL template",
          "descriptionUrlTemplate": "The URL template for custom items should be an absolute URL, i.e.: http://mystore.com/about-us"
        }
      }
    },
    "contextMenu": {
      "manage": "Manage",
      "remove": "Remove"
    },
    "dialogs": {
      "confirmRemoveSitemap": {
        "title": "Removing sitemaps",
        "message": "Do you want to remove sitemap?"
      },
      "sitemapGenerationComplete": {
        "title": "Sitemaps generation completed"
      }
    },
    "errorMessages": {
      "filenameNotUnique": "Sitemap with this filename is already exists"
    }
  }
}